<?xml version="1.0" encoding="utf-8"?>
<feed xmlns="http://www.w3.org/2005/Atom">
  <title>默默地向前端靠拢</title>
  <subtitle>心情就是我，我就是心情</subtitle>
  <link href="/atom.xml" rel="self"/>
  
  <link href="http://yoursite.com/"/>
  <updated>2016-04-22T14:59:30.687Z</updated>
  <id>http://yoursite.com/</id>
  
  <author>
    <name>心情</name>
    
  </author>
  
  <generator uri="http://hexo.io/">Hexo</generator>
  
  <entry>
    <title>JS实现倒计时</title>
    <link href="http://yoursite.com/2016/04/22/JS%E5%AE%9E%E7%8E%B0%E5%80%92%E8%AE%A1%E6%97%B6/"/>
    <id>http://yoursite.com/2016/04/22/JS实现倒计时/</id>
    <published>2016-04-22T14:11:24.000Z</published>
    <updated>2016-04-22T14:59:30.687Z</updated>
    
    <content type="html">&lt;p&gt;很久之前就写了一个时间插件，该插件是根据工作开发过程中的需要写的，关于时间插件，应该有不少人开发过，这里我写了一个个人觉得还算可以的方法吧，不过代码有待优化，一旦功能写好了，除非有bug，不然我也就懒得去优化了。我写了一个倒计时的对象setCountDown.&lt;br&gt;&lt;a id=&quot;more&quot;&gt;&lt;/a&gt;&lt;br&gt;首先，我定义了一个倒计时对象，如下：&lt;br&gt;&lt;figure class=&quot;highlight js&quot;&gt;&lt;table&gt;&lt;tr&gt;&lt;td class=&quot;gutter&quot;&gt;&lt;pre&gt;&lt;span class=&quot;line&quot;&gt;1&lt;/span&gt;&lt;br&gt;&lt;/pre&gt;&lt;/td&gt;&lt;td class=&quot;code&quot;&gt;&lt;pre&gt;&lt;span class=&quot;line&quot;&gt;&lt;span class=&quot;keyword&quot;&gt;var&lt;/span&gt; setCountDown = &amp;#123;&amp;#125;;&lt;/span&gt;&lt;br&gt;&lt;/pre&gt;&lt;/td&gt;&lt;/tr&gt;&lt;/table&gt;&lt;/figure&gt;&lt;/p&gt;
&lt;p&gt;或者定义一个倒计时函数，如下：&lt;br&gt;&lt;figure class=&quot;highlight js&quot;&gt;&lt;table&gt;&lt;tr&gt;&lt;td class=&quot;gutter&quot;&gt;&lt;pre&gt;&lt;span class=&quot;line&quot;&gt;1&lt;/span&gt;&lt;br&gt;&lt;/pre&gt;&lt;/td&gt;&lt;td class=&quot;code&quot;&gt;&lt;pre&gt;&lt;span class=&quot;line&quot;&gt;&lt;span class=&quot;function&quot;&gt;&lt;span class=&quot;keyword&quot;&gt;function&lt;/span&gt; &lt;span class=&quot;title&quot;&gt;setCountDown&lt;/span&gt;(&lt;span class=&quot;params&quot;&gt;&lt;/span&gt;)&lt;/span&gt;&amp;#123;&amp;#125;;&lt;/span&gt;&lt;br&gt;&lt;/pre&gt;&lt;/td&gt;&lt;/tr&gt;&lt;/table&gt;&lt;/figure&gt;&lt;/p&gt;
&lt;p&gt;上面两种方法都可以，也就是使用的方法不一样而已，我这里使用的是第一种方法，如果使用第二种方法，可以使用如下方法：&lt;br&gt;&lt;figure class=&quot;highlight js&quot;&gt;&lt;table&gt;&lt;tr&gt;&lt;td class=&quot;gutter&quot;&gt;&lt;pre&gt;&lt;span class=&quot;line&quot;&gt;1&lt;/span&gt;&lt;br&gt;&lt;span class=&quot;line&quot;&gt;2&lt;/span&gt;&lt;br&gt;&lt;span class=&quot;line&quot;&gt;3&lt;/span&gt;&lt;br&gt;&lt;span class=&quot;line&quot;&gt;4&lt;/span&gt;&lt;br&gt;&lt;span class=&quot;line&quot;&gt;5&lt;/span&gt;&lt;br&gt;&lt;span class=&quot;line&quot;&gt;6&lt;/span&gt;&lt;br&gt;&lt;span class=&quot;line&quot;&gt;7&lt;/span&gt;&lt;br&gt;&lt;/pre&gt;&lt;/td&gt;&lt;td class=&quot;code&quot;&gt;&lt;pre&gt;&lt;span class=&quot;line&quot;&gt;&lt;span class=&quot;keyword&quot;&gt;var&lt;/span&gt; times = &lt;span class=&quot;keyword&quot;&gt;new&lt;/span&gt; setCountDown();&lt;/span&gt;&lt;br&gt;&lt;span class=&quot;line&quot;&gt;times.prototype.init = &lt;span class=&quot;function&quot;&gt;&lt;span class=&quot;keyword&quot;&gt;function&lt;/span&gt;(&lt;span class=&quot;params&quot;&gt;&lt;/span&gt;)&lt;/span&gt;&amp;#123;&lt;/span&gt;&lt;br&gt;&lt;span class=&quot;line&quot;&gt;    &lt;span class=&quot;comment&quot;&gt;// code here....&lt;/span&gt;&lt;/span&gt;&lt;br&gt;&lt;span class=&quot;line&quot;&gt;&amp;#125;;&lt;/span&gt;&lt;br&gt;&lt;span class=&quot;line&quot;&gt;times.prototype.getSecond = &lt;span class=&quot;function&quot;&gt;&lt;span class=&quot;keyword&quot;&gt;function&lt;/span&gt;(&lt;span class=&quot;params&quot;&gt;&lt;/span&gt;)&lt;/span&gt;&amp;#123;&lt;/span&gt;&lt;br&gt;&lt;span class=&quot;line&quot;&gt;    &lt;span class=&quot;comment&quot;&gt;// code here....&lt;/span&gt;&lt;/span&gt;&lt;br&gt;&lt;span class=&quot;line&quot;&gt;&amp;#125;;&lt;/span&gt;&lt;br&gt;&lt;/pre&gt;&lt;/td&gt;&lt;/tr&gt;&lt;/table&gt;&lt;/figure&gt;&lt;/p&gt;
&lt;p&gt;第二种方式我就不再多说了，主要说说我的方法。&lt;br&gt;首先，我给该对象添加了一个获取时间(单位为秒)的方法getSecond,如下：&lt;br&gt;&lt;figure class=&quot;highlight js&quot;&gt;&lt;table&gt;&lt;tr&gt;&lt;td class=&quot;gutter&quot;&gt;&lt;pre&gt;&lt;span class=&quot;line&quot;&gt;1&lt;/span&gt;&lt;br&gt;&lt;span class=&quot;line&quot;&gt;2&lt;/span&gt;&lt;br&gt;&lt;span class=&quot;line&quot;&gt;3&lt;/span&gt;&lt;br&gt;&lt;span class=&quot;line&quot;&gt;4&lt;/span&gt;&lt;br&gt;&lt;span class=&quot;line&quot;&gt;5&lt;/span&gt;&lt;br&gt;&lt;span class=&quot;line&quot;&gt;6&lt;/span&gt;&lt;br&gt;&lt;span class=&quot;line&quot;&gt;7&lt;/span&gt;&lt;br&gt;&lt;span class=&quot;line&quot;&gt;8&lt;/span&gt;&lt;br&gt;&lt;span class=&quot;line&quot;&gt;9&lt;/span&gt;&lt;br&gt;&lt;span class=&quot;line&quot;&gt;10&lt;/span&gt;&lt;br&gt;&lt;span class=&quot;line&quot;&gt;11&lt;/span&gt;&lt;br&gt;&lt;/pre&gt;&lt;/td&gt;&lt;td class=&quot;code&quot;&gt;&lt;pre&gt;&lt;span class=&quot;line&quot;&gt;getSecond:&lt;span class=&quot;function&quot;&gt;&lt;span class=&quot;keyword&quot;&gt;function&lt;/span&gt;:(&lt;span class=&quot;params&quot;&gt;times&lt;/span&gt;)&lt;/span&gt;&amp;#123;&lt;/span&gt;&lt;br&gt;&lt;span class=&quot;line&quot;&gt;    &lt;span class=&quot;keyword&quot;&gt;if&lt;/span&gt;(times)&amp;#123;&lt;/span&gt;&lt;br&gt;&lt;span class=&quot;line&quot;&gt;        &lt;span class=&quot;keyword&quot;&gt;var&lt;/span&gt; year = &lt;span class=&quot;built_in&quot;&gt;parseInt&lt;/span&gt;(times.slice(&lt;span class=&quot;number&quot;&gt;0&lt;/span&gt;,&lt;span class=&quot;number&quot;&gt;4&lt;/span&gt;)),&lt;/span&gt;&lt;br&gt;&lt;span class=&quot;line&quot;&gt;            month = &lt;span class=&quot;built_in&quot;&gt;parseInt&lt;/span&gt;(times.match(&lt;span class=&quot;regexp&quot;&gt;/-\d*/gi&lt;/span&gt;)[&lt;span class=&quot;number&quot;&gt;0&lt;/span&gt;].replace(&lt;span class=&quot;string&quot;&gt;&#39;-&#39;&lt;/span&gt;,&lt;span class=&quot;string&quot;&gt;&#39;&#39;&lt;/span&gt;)&lt;span class=&quot;number&quot;&gt;-1&lt;/span&gt;),&lt;/span&gt;&lt;br&gt;&lt;span class=&quot;line&quot;&gt;            day = &lt;span class=&quot;built_in&quot;&gt;parseInt&lt;/span&gt;(times.match(&lt;span class=&quot;regexp&quot;&gt;/-\d*/gi&lt;/span&gt;)[&lt;span class=&quot;number&quot;&gt;1&lt;/span&gt;].replace(&lt;span class=&quot;string&quot;&gt;&#39;-&#39;&lt;/span&gt;,&lt;span class=&quot;string&quot;&gt;&#39;&#39;&lt;/span&gt;)),&lt;/span&gt;&lt;br&gt;&lt;span class=&quot;line&quot;&gt;            hour = &lt;span class=&quot;built_in&quot;&gt;parseInt&lt;/span&gt;(times.match(&lt;span class=&quot;regexp&quot;&gt;/\d*:/&lt;/span&gt;)[&lt;span class=&quot;number&quot;&gt;0&lt;/span&gt;].replace(&lt;span class=&quot;string&quot;&gt;&#39;:&#39;&lt;/span&gt;,&lt;span class=&quot;string&quot;&gt;&#39;&#39;&lt;/span&gt;)),&lt;/span&gt;&lt;br&gt;&lt;span class=&quot;line&quot;&gt;            minute = &lt;span class=&quot;built_in&quot;&gt;parseInt&lt;/span&gt;(times.match(&lt;span class=&quot;regexp&quot;&gt;/:\d*/&lt;/span&gt;)[&lt;span class=&quot;number&quot;&gt;0&lt;/span&gt;].replace(&lt;span class=&quot;string&quot;&gt;&#39;:&#39;&lt;/span&gt;,&lt;span class=&quot;string&quot;&gt;&#39;&#39;&lt;/span&gt;));&lt;/span&gt;&lt;br&gt;&lt;span class=&quot;line&quot;&gt;        &lt;span class=&quot;keyword&quot;&gt;return&lt;/span&gt; (&lt;span class=&quot;keyword&quot;&gt;new&lt;/span&gt; &lt;span class=&quot;built_in&quot;&gt;Date&lt;/span&gt;(year,month,day,hour,minute,&lt;span class=&quot;number&quot;&gt;0&lt;/span&gt;)).getTime()/&lt;span class=&quot;number&quot;&gt;1000&lt;/span&gt;;&lt;/span&gt;&lt;br&gt;&lt;span class=&quot;line&quot;&gt;    &amp;#125;&lt;/span&gt;&lt;br&gt;&lt;span class=&quot;line&quot;&gt;    &lt;span class=&quot;keyword&quot;&gt;return&lt;/span&gt; (&lt;span class=&quot;keyword&quot;&gt;new&lt;/span&gt; &lt;span class=&quot;built_in&quot;&gt;Date&lt;/span&gt;()).getTime()/&lt;span class=&quot;number&quot;&gt;1000&lt;/span&gt;;&lt;/span&gt;&lt;br&gt;&lt;span class=&quot;line&quot;&gt;&amp;#125;&lt;/span&gt;&lt;br&gt;&lt;/pre&gt;&lt;/td&gt;&lt;/tr&gt;&lt;/table&gt;&lt;/figure&gt;&lt;/p&gt;
&lt;p&gt;然后我根据获取的的时间秒，另外给对象添加了个获取天数、小时，分钟，秒的方法，如下：&lt;br&gt;&lt;figure class=&quot;highlight js&quot;&gt;&lt;table&gt;&lt;tr&gt;&lt;td class=&quot;gutter&quot;&gt;&lt;pre&gt;&lt;span class=&quot;line&quot;&gt;1&lt;/span&gt;&lt;br&gt;&lt;span class=&quot;line&quot;&gt;2&lt;/span&gt;&lt;br&gt;&lt;span class=&quot;line&quot;&gt;3&lt;/span&gt;&lt;br&gt;&lt;span class=&quot;line&quot;&gt;4&lt;/span&gt;&lt;br&gt;&lt;span class=&quot;line&quot;&gt;5&lt;/span&gt;&lt;br&gt;&lt;span class=&quot;line&quot;&gt;6&lt;/span&gt;&lt;br&gt;&lt;span class=&quot;line&quot;&gt;7&lt;/span&gt;&lt;br&gt;&lt;span class=&quot;line&quot;&gt;8&lt;/span&gt;&lt;br&gt;&lt;span class=&quot;line&quot;&gt;9&lt;/span&gt;&lt;br&gt;&lt;span class=&quot;line&quot;&gt;10&lt;/span&gt;&lt;br&gt;&lt;span class=&quot;line&quot;&gt;11&lt;/span&gt;&lt;br&gt;&lt;span class=&quot;line&quot;&gt;12&lt;/span&gt;&lt;br&gt;&lt;span class=&quot;line&quot;&gt;13&lt;/span&gt;&lt;br&gt;&lt;span class=&quot;line&quot;&gt;14&lt;/span&gt;&lt;br&gt;&lt;span class=&quot;line&quot;&gt;15&lt;/span&gt;&lt;br&gt;&lt;span class=&quot;line&quot;&gt;16&lt;/span&gt;&lt;br&gt;&lt;span class=&quot;line&quot;&gt;17&lt;/span&gt;&lt;br&gt;&lt;/pre&gt;&lt;/td&gt;&lt;td class=&quot;code&quot;&gt;&lt;pre&gt;&lt;span class=&quot;line&quot;&gt;getCountdown:&lt;span class=&quot;function&quot;&gt;&lt;span class=&quot;keyword&quot;&gt;function&lt;/span&gt;(&lt;span class=&quot;params&quot;&gt;time&lt;/span&gt;)&lt;/span&gt;&amp;#123;&lt;/span&gt;&lt;br&gt;&lt;span class=&quot;line&quot;&gt;    &lt;span class=&quot;keyword&quot;&gt;var&lt;/span&gt; curShowTimeSecondsVal = &lt;span class=&quot;keyword&quot;&gt;this&lt;/span&gt;.getSecond(time) - &lt;span class=&quot;keyword&quot;&gt;this&lt;/span&gt;.getSecond();&lt;/span&gt;&lt;br&gt;&lt;span class=&quot;line&quot;&gt;    &lt;span class=&quot;keyword&quot;&gt;if&lt;/span&gt;(curShowTimeSecondsVal&amp;lt;&lt;span class=&quot;number&quot;&gt;0&lt;/span&gt;) &lt;span class=&quot;keyword&quot;&gt;return&lt;/span&gt; [&lt;span class=&quot;number&quot;&gt;0&lt;/span&gt;,&lt;span class=&quot;string&quot;&gt;&#39;00&#39;&lt;/span&gt;,&lt;span class=&quot;string&quot;&gt;&#39;00&#39;&lt;/span&gt;,&lt;span class=&quot;string&quot;&gt;&#39;00&#39;&lt;/span&gt;];&lt;/span&gt;&lt;br&gt;&lt;span class=&quot;line&quot;&gt;    &lt;span class=&quot;comment&quot;&gt;// console.log(curShowTimeSecondsVal)&lt;/span&gt;&lt;/span&gt;&lt;br&gt;&lt;span class=&quot;line&quot;&gt;    &lt;span class=&quot;comment&quot;&gt;// 剩余秒数&lt;/span&gt;&lt;/span&gt;&lt;br&gt;&lt;span class=&quot;line&quot;&gt;    &lt;span class=&quot;keyword&quot;&gt;var&lt;/span&gt; curShowTimeSeconds = &lt;span class=&quot;built_in&quot;&gt;parseInt&lt;/span&gt;(curShowTimeSecondsVal%&lt;span class=&quot;number&quot;&gt;60&lt;/span&gt;);&lt;/span&gt;&lt;br&gt;&lt;span class=&quot;line&quot;&gt;    &lt;span class=&quot;comment&quot;&gt;// 计算剩余天数&lt;/span&gt;&lt;/span&gt;&lt;br&gt;&lt;span class=&quot;line&quot;&gt;    &lt;span class=&quot;keyword&quot;&gt;var&lt;/span&gt; curShowTimeDays = &lt;span class=&quot;built_in&quot;&gt;parseInt&lt;/span&gt;(curShowTimeSecondsVal/&lt;span class=&quot;number&quot;&gt;3600&lt;/span&gt;/&lt;span class=&quot;number&quot;&gt;24&lt;/span&gt;);&lt;/span&gt;&lt;br&gt;&lt;span class=&quot;line&quot;&gt;    &lt;span class=&quot;comment&quot;&gt;// 计算剩余小时&lt;/span&gt;&lt;/span&gt;&lt;br&gt;&lt;span class=&quot;line&quot;&gt;    &lt;span class=&quot;keyword&quot;&gt;var&lt;/span&gt; curShowTimeHours = &lt;span class=&quot;built_in&quot;&gt;parseInt&lt;/span&gt;((curShowTimeSecondsVal/&lt;span class=&quot;number&quot;&gt;3600&lt;/span&gt;)) - curShowTimeDays*&lt;span class=&quot;number&quot;&gt;24&lt;/span&gt;;&lt;/span&gt;&lt;br&gt;&lt;span class=&quot;line&quot;&gt;    &lt;span class=&quot;comment&quot;&gt;// 计算剩余分钟&lt;/span&gt;&lt;/span&gt;&lt;br&gt;&lt;span class=&quot;line&quot;&gt;    &lt;span class=&quot;keyword&quot;&gt;var&lt;/span&gt; curShowTimeMinutes = &lt;span class=&quot;built_in&quot;&gt;parseInt&lt;/span&gt;((curShowTimeSecondsVal - &lt;span class=&quot;built_in&quot;&gt;parseInt&lt;/span&gt;((curShowTimeSecondsVal/&lt;span class=&quot;number&quot;&gt;3600&lt;/span&gt;))*&lt;span class=&quot;number&quot;&gt;3600&lt;/span&gt;)/&lt;span class=&quot;number&quot;&gt;60&lt;/span&gt;);&lt;/span&gt;&lt;br&gt;&lt;span class=&quot;line&quot;&gt;    curShowTimeHours = curShowTimeHours &amp;gt; &lt;span class=&quot;number&quot;&gt;9&lt;/span&gt; ? curShowTimeHours : &lt;span class=&quot;string&quot;&gt;&#39;0&#39;&lt;/span&gt; + curShowTimeHours;&lt;/span&gt;&lt;br&gt;&lt;span class=&quot;line&quot;&gt;    curShowTimeSeconds = curShowTimeSeconds &amp;gt; &lt;span class=&quot;number&quot;&gt;9&lt;/span&gt; ? curShowTimeSeconds : &lt;span class=&quot;string&quot;&gt;&#39;0&#39;&lt;/span&gt; + curShowTimeSeconds;&lt;/span&gt;&lt;br&gt;&lt;span class=&quot;line&quot;&gt;    curShowTimeMinutes = curShowTimeMinutes &amp;gt; &lt;span class=&quot;number&quot;&gt;9&lt;/span&gt; ? curShowTimeMinutes : &lt;span class=&quot;string&quot;&gt;&#39;0&#39;&lt;/span&gt; + curShowTimeMinutes;&lt;/span&gt;&lt;br&gt;&lt;span class=&quot;line&quot;&gt;    &lt;span class=&quot;keyword&quot;&gt;return&lt;/span&gt; [curShowTimeDays,curShowTimeHours,curShowTimeMinutes,curShowTimeSeconds];&lt;/span&gt;&lt;br&gt;&lt;span class=&quot;line&quot;&gt;&amp;#125;&lt;/span&gt;&lt;br&gt;&lt;/pre&gt;&lt;/td&gt;&lt;/tr&gt;&lt;/table&gt;&lt;/figure&gt;&lt;/p&gt;
&lt;p&gt;在根据上面的getCountdown获取时间后，根据返回的时间数组显示，接下来写了另外一个显示的方法，如下：&lt;br&gt;&lt;figure class=&quot;highlight js&quot;&gt;&lt;table&gt;&lt;tr&gt;&lt;td class=&quot;gutter&quot;&gt;&lt;pre&gt;&lt;span class=&quot;line&quot;&gt;1&lt;/span&gt;&lt;br&gt;&lt;span class=&quot;line&quot;&gt;2&lt;/span&gt;&lt;br&gt;&lt;span class=&quot;line&quot;&gt;3&lt;/span&gt;&lt;br&gt;&lt;span class=&quot;line&quot;&gt;4&lt;/span&gt;&lt;br&gt;&lt;span class=&quot;line&quot;&gt;5&lt;/span&gt;&lt;br&gt;&lt;span class=&quot;line&quot;&gt;6&lt;/span&gt;&lt;br&gt;&lt;span class=&quot;line&quot;&gt;7&lt;/span&gt;&lt;br&gt;&lt;span class=&quot;line&quot;&gt;8&lt;/span&gt;&lt;br&gt;&lt;span class=&quot;line&quot;&gt;9&lt;/span&gt;&lt;br&gt;&lt;span class=&quot;line&quot;&gt;10&lt;/span&gt;&lt;br&gt;&lt;span class=&quot;line&quot;&gt;11&lt;/span&gt;&lt;br&gt;&lt;span class=&quot;line&quot;&gt;12&lt;/span&gt;&lt;br&gt;&lt;span class=&quot;line&quot;&gt;13&lt;/span&gt;&lt;br&gt;&lt;span class=&quot;line&quot;&gt;14&lt;/span&gt;&lt;br&gt;&lt;span class=&quot;line&quot;&gt;15&lt;/span&gt;&lt;br&gt;&lt;/pre&gt;&lt;/td&gt;&lt;td class=&quot;code&quot;&gt;&lt;pre&gt;&lt;span class=&quot;line&quot;&gt;setShowTime:&lt;span class=&quot;function&quot;&gt;&lt;span class=&quot;keyword&quot;&gt;function&lt;/span&gt;(&lt;span class=&quot;params&quot;&gt;endtime,done,callback&lt;/span&gt;)&lt;/span&gt;&amp;#123;&lt;/span&gt;&lt;br&gt;&lt;span class=&quot;line&quot;&gt;    &lt;span class=&quot;keyword&quot;&gt;var&lt;/span&gt; _this = &lt;span class=&quot;keyword&quot;&gt;this&lt;/span&gt;;&lt;/span&gt;&lt;br&gt;&lt;span class=&quot;line&quot;&gt;    &lt;span class=&quot;comment&quot;&gt;// var oSetTime = document.getElementById(&#39;time&#39;);&lt;/span&gt;&lt;/span&gt;&lt;br&gt;&lt;span class=&quot;line&quot;&gt;    &lt;span class=&quot;keyword&quot;&gt;var&lt;/span&gt; day = &lt;span class=&quot;keyword&quot;&gt;this&lt;/span&gt;.getCountdown(endtime)[&lt;span class=&quot;number&quot;&gt;0&lt;/span&gt;],&lt;/span&gt;&lt;br&gt;&lt;span class=&quot;line&quot;&gt;        hour = &lt;span class=&quot;keyword&quot;&gt;this&lt;/span&gt;.getCountdown(endtime)[&lt;span class=&quot;number&quot;&gt;1&lt;/span&gt;],&lt;/span&gt;&lt;br&gt;&lt;span class=&quot;line&quot;&gt;        minute = &lt;span class=&quot;keyword&quot;&gt;this&lt;/span&gt;.getCountdown(endtime)[&lt;span class=&quot;number&quot;&gt;2&lt;/span&gt;],&lt;/span&gt;&lt;br&gt;&lt;span class=&quot;line&quot;&gt;        second = &lt;span class=&quot;keyword&quot;&gt;this&lt;/span&gt;.getCountdown(endtime)[&lt;span class=&quot;number&quot;&gt;3&lt;/span&gt;];&lt;/span&gt;&lt;br&gt;&lt;span class=&quot;line&quot;&gt;    done([day,hour,minute,second])&lt;/span&gt;&lt;br&gt;&lt;span class=&quot;line&quot;&gt;    &lt;span class=&quot;comment&quot;&gt;// oSetTime.innerHTML = &#39;剩余时间：&#39;+day+&#39;天&#39;+hour+&#39;小时&#39;+minute+&#39;分&#39;+second+&#39;秒&#39;;&lt;/span&gt;&lt;/span&gt;&lt;br&gt;&lt;span class=&quot;line&quot;&gt;    &lt;span class=&quot;keyword&quot;&gt;if&lt;/span&gt;(day==&lt;span class=&quot;number&quot;&gt;0&lt;/span&gt;&amp;amp;&amp;amp;hour==&lt;span class=&quot;string&quot;&gt;&#39;00&#39;&lt;/span&gt;&amp;amp;&amp;amp;minute==&lt;span class=&quot;string&quot;&gt;&#39;00&#39;&lt;/span&gt;&amp;amp;&amp;amp;second==&lt;span class=&quot;string&quot;&gt;&#39;00&#39;&lt;/span&gt;)&amp;#123;&lt;/span&gt;&lt;br&gt;&lt;span class=&quot;line&quot;&gt;        clearInterval(_this.timer);&lt;/span&gt;&lt;br&gt;&lt;span class=&quot;line&quot;&gt;        _this.timer =&lt;span class=&quot;literal&quot;&gt;null&lt;/span&gt;;&lt;/span&gt;&lt;br&gt;&lt;span class=&quot;line&quot;&gt;        &lt;span class=&quot;keyword&quot;&gt;if&lt;/span&gt;(callback) callback();&lt;/span&gt;&lt;br&gt;&lt;span class=&quot;line&quot;&gt;    &amp;#125;&lt;/span&gt;&lt;br&gt;&lt;span class=&quot;line&quot;&gt;&amp;#125;&lt;/span&gt;&lt;br&gt;&lt;/pre&gt;&lt;/td&gt;&lt;/tr&gt;&lt;/table&gt;&lt;/figure&gt;&lt;/p&gt;
&lt;p&gt;接下来添加一个入口函数，在入口函数设置相应的参数和相应的回调函数，还有一个操作函数，具体代码如下：&lt;br&gt;&lt;figure class=&quot;highlight js&quot;&gt;&lt;table&gt;&lt;tr&gt;&lt;td class=&quot;gutter&quot;&gt;&lt;pre&gt;&lt;span class=&quot;line&quot;&gt;1&lt;/span&gt;&lt;br&gt;&lt;span class=&quot;line&quot;&gt;2&lt;/span&gt;&lt;br&gt;&lt;span class=&quot;line&quot;&gt;3&lt;/span&gt;&lt;br&gt;&lt;span class=&quot;line&quot;&gt;4&lt;/span&gt;&lt;br&gt;&lt;span class=&quot;line&quot;&gt;5&lt;/span&gt;&lt;br&gt;&lt;span class=&quot;line&quot;&gt;6&lt;/span&gt;&lt;br&gt;&lt;span class=&quot;line&quot;&gt;7&lt;/span&gt;&lt;br&gt;&lt;/pre&gt;&lt;/td&gt;&lt;td class=&quot;code&quot;&gt;&lt;pre&gt;&lt;span class=&quot;line&quot;&gt;init:&lt;span class=&quot;function&quot;&gt;&lt;span class=&quot;keyword&quot;&gt;function&lt;/span&gt;(&lt;span class=&quot;params&quot;&gt;opt&lt;/span&gt;)&lt;/span&gt;&amp;#123;&lt;/span&gt;&lt;br&gt;&lt;span class=&quot;line&quot;&gt;    &lt;span class=&quot;keyword&quot;&gt;var&lt;/span&gt; _this = &lt;span class=&quot;keyword&quot;&gt;this&lt;/span&gt;;&lt;/span&gt;&lt;br&gt;&lt;span class=&quot;line&quot;&gt;    &lt;span class=&quot;keyword&quot;&gt;this&lt;/span&gt;.setShowTime(opt.endtime,opt.done);&lt;/span&gt;&lt;br&gt;&lt;span class=&quot;line&quot;&gt;    &lt;span class=&quot;keyword&quot;&gt;this&lt;/span&gt;.timer = setInterval(&lt;span class=&quot;function&quot;&gt;&lt;span class=&quot;keyword&quot;&gt;function&lt;/span&gt;(&lt;span class=&quot;params&quot;&gt;&lt;/span&gt;)&lt;/span&gt;&amp;#123;&lt;/span&gt;&lt;br&gt;&lt;span class=&quot;line&quot;&gt;        _this.setShowTime(opt.endtime,opt.done,opt.callback)&lt;/span&gt;&lt;br&gt;&lt;span class=&quot;line&quot;&gt;    &amp;#125;,&lt;span class=&quot;number&quot;&gt;1000&lt;/span&gt;)&lt;/span&gt;&lt;br&gt;&lt;span class=&quot;line&quot;&gt;&amp;#125;,&lt;/span&gt;&lt;br&gt;&lt;/pre&gt;&lt;/td&gt;&lt;/tr&gt;&lt;/table&gt;&lt;/figure&gt;&lt;/p&gt;
&lt;p&gt;init函数中的opt的配置如下：&lt;/p&gt;
&lt;ul&gt;
&lt;li&gt;endtime –&amp;gt;结束时间&lt;/li&gt;
&lt;li&gt;done –&amp;gt; 操作函数，用于操作dom，动态显示时间&lt;/li&gt;
&lt;li&gt;callback –&amp;gt; 回调函数，用于当倒计时结束时的回调，作相应的操作&lt;br&gt;具体使用方法如下：&lt;figure class=&quot;highlight js&quot;&gt;&lt;table&gt;&lt;tr&gt;&lt;td class=&quot;gutter&quot;&gt;&lt;pre&gt;&lt;span class=&quot;line&quot;&gt;1&lt;/span&gt;&lt;br&gt;&lt;span class=&quot;line&quot;&gt;2&lt;/span&gt;&lt;br&gt;&lt;span class=&quot;line&quot;&gt;3&lt;/span&gt;&lt;br&gt;&lt;span class=&quot;line&quot;&gt;4&lt;/span&gt;&lt;br&gt;&lt;span class=&quot;line&quot;&gt;5&lt;/span&gt;&lt;br&gt;&lt;span class=&quot;line&quot;&gt;6&lt;/span&gt;&lt;br&gt;&lt;span class=&quot;line&quot;&gt;7&lt;/span&gt;&lt;br&gt;&lt;span class=&quot;line&quot;&gt;8&lt;/span&gt;&lt;br&gt;&lt;span class=&quot;line&quot;&gt;9&lt;/span&gt;&lt;br&gt;&lt;span class=&quot;line&quot;&gt;10&lt;/span&gt;&lt;br&gt;&lt;/pre&gt;&lt;/td&gt;&lt;td class=&quot;code&quot;&gt;&lt;pre&gt;&lt;span class=&quot;line&quot;&gt;setCountDown.init(&amp;#123;&lt;/span&gt;&lt;br&gt;&lt;span class=&quot;line&quot;&gt;    endtime:&lt;span class=&quot;string&quot;&gt;&#39;2016-7-8 00:00&#39;&lt;/span&gt;,&lt;/span&gt;&lt;br&gt;&lt;span class=&quot;line&quot;&gt;    done:&lt;span class=&quot;function&quot;&gt;&lt;span class=&quot;keyword&quot;&gt;function&lt;/span&gt;(&lt;span class=&quot;params&quot;&gt;data&lt;/span&gt;)&lt;/span&gt;&amp;#123;&lt;/span&gt;&lt;br&gt;&lt;span class=&quot;line&quot;&gt;        &lt;span class=&quot;comment&quot;&gt;// console.log(data)&lt;/span&gt;&lt;/span&gt;&lt;br&gt;&lt;span class=&quot;line&quot;&gt;        &lt;span class=&quot;built_in&quot;&gt;document&lt;/span&gt;.getElementById(&lt;span class=&quot;string&quot;&gt;&#39;time&#39;&lt;/span&gt;).innerHTML = &lt;span class=&quot;string&quot;&gt;&#39;剩余时间：&#39;&lt;/span&gt;+data[&lt;span class=&quot;number&quot;&gt;0&lt;/span&gt;]+&lt;span class=&quot;string&quot;&gt;&#39;天&#39;&lt;/span&gt;+data[&lt;span class=&quot;number&quot;&gt;1&lt;/span&gt;]+&lt;span class=&quot;string&quot;&gt;&#39;小时&#39;&lt;/span&gt;+data[&lt;span class=&quot;number&quot;&gt;2&lt;/span&gt;]+&lt;span class=&quot;string&quot;&gt;&#39;分&#39;&lt;/span&gt;+data[&lt;span class=&quot;number&quot;&gt;3&lt;/span&gt;]+&lt;span class=&quot;string&quot;&gt;&#39;秒&#39;&lt;/span&gt;;&lt;/span&gt;&lt;br&gt;&lt;span class=&quot;line&quot;&gt;    &amp;#125;,&lt;/span&gt;&lt;br&gt;&lt;span class=&quot;line&quot;&gt;    callback:&lt;span class=&quot;function&quot;&gt;&lt;span class=&quot;keyword&quot;&gt;function&lt;/span&gt;(&lt;span class=&quot;params&quot;&gt;&lt;/span&gt;)&lt;/span&gt;&amp;#123;&lt;/span&gt;&lt;br&gt;&lt;span class=&quot;line&quot;&gt;        &lt;span class=&quot;comment&quot;&gt;// window.location.reload()&lt;/span&gt;&lt;/span&gt;&lt;br&gt;&lt;span class=&quot;line&quot;&gt;    &amp;#125;&lt;/span&gt;&lt;br&gt;&lt;span class=&quot;line&quot;&gt;&amp;#125;);&lt;/span&gt;&lt;br&gt;&lt;/pre&gt;&lt;/td&gt;&lt;/tr&gt;&lt;/table&gt;&lt;/figure&gt;
&lt;/li&gt;
&lt;/ul&gt;
&lt;p&gt;最后，下面贴上倒计时的整个代码：&lt;br&gt;&lt;figure class=&quot;highlight js&quot;&gt;&lt;table&gt;&lt;tr&gt;&lt;td class=&quot;gutter&quot;&gt;&lt;pre&gt;&lt;span class=&quot;line&quot;&gt;1&lt;/span&gt;&lt;br&gt;&lt;span class=&quot;line&quot;&gt;2&lt;/span&gt;&lt;br&gt;&lt;span class=&quot;line&quot;&gt;3&lt;/span&gt;&lt;br&gt;&lt;span class=&quot;line&quot;&gt;4&lt;/span&gt;&lt;br&gt;&lt;span class=&quot;line&quot;&gt;5&lt;/span&gt;&lt;br&gt;&lt;span class=&quot;line&quot;&gt;6&lt;/span&gt;&lt;br&gt;&lt;span class=&quot;line&quot;&gt;7&lt;/span&gt;&lt;br&gt;&lt;span class=&quot;line&quot;&gt;8&lt;/span&gt;&lt;br&gt;&lt;span class=&quot;line&quot;&gt;9&lt;/span&gt;&lt;br&gt;&lt;span class=&quot;line&quot;&gt;10&lt;/span&gt;&lt;br&gt;&lt;span class=&quot;line&quot;&gt;11&lt;/span&gt;&lt;br&gt;&lt;span class=&quot;line&quot;&gt;12&lt;/span&gt;&lt;br&gt;&lt;span class=&quot;line&quot;&gt;13&lt;/span&gt;&lt;br&gt;&lt;span class=&quot;line&quot;&gt;14&lt;/span&gt;&lt;br&gt;&lt;span class=&quot;line&quot;&gt;15&lt;/span&gt;&lt;br&gt;&lt;span class=&quot;line&quot;&gt;16&lt;/span&gt;&lt;br&gt;&lt;span class=&quot;line&quot;&gt;17&lt;/span&gt;&lt;br&gt;&lt;span class=&quot;line&quot;&gt;18&lt;/span&gt;&lt;br&gt;&lt;span class=&quot;line&quot;&gt;19&lt;/span&gt;&lt;br&gt;&lt;span class=&quot;line&quot;&gt;20&lt;/span&gt;&lt;br&gt;&lt;span class=&quot;line&quot;&gt;21&lt;/span&gt;&lt;br&gt;&lt;span class=&quot;line&quot;&gt;22&lt;/span&gt;&lt;br&gt;&lt;span class=&quot;line&quot;&gt;23&lt;/span&gt;&lt;br&gt;&lt;span class=&quot;line&quot;&gt;24&lt;/span&gt;&lt;br&gt;&lt;span class=&quot;line&quot;&gt;25&lt;/span&gt;&lt;br&gt;&lt;span class=&quot;line&quot;&gt;26&lt;/span&gt;&lt;br&gt;&lt;span class=&quot;line&quot;&gt;27&lt;/span&gt;&lt;br&gt;&lt;span class=&quot;line&quot;&gt;28&lt;/span&gt;&lt;br&gt;&lt;span class=&quot;line&quot;&gt;29&lt;/span&gt;&lt;br&gt;&lt;span class=&quot;line&quot;&gt;30&lt;/span&gt;&lt;br&gt;&lt;span class=&quot;line&quot;&gt;31&lt;/span&gt;&lt;br&gt;&lt;span class=&quot;line&quot;&gt;32&lt;/span&gt;&lt;br&gt;&lt;span class=&quot;line&quot;&gt;33&lt;/span&gt;&lt;br&gt;&lt;span class=&quot;line&quot;&gt;34&lt;/span&gt;&lt;br&gt;&lt;span class=&quot;line&quot;&gt;35&lt;/span&gt;&lt;br&gt;&lt;span class=&quot;line&quot;&gt;36&lt;/span&gt;&lt;br&gt;&lt;span class=&quot;line&quot;&gt;37&lt;/span&gt;&lt;br&gt;&lt;span class=&quot;line&quot;&gt;38&lt;/span&gt;&lt;br&gt;&lt;span class=&quot;line&quot;&gt;39&lt;/span&gt;&lt;br&gt;&lt;span class=&quot;line&quot;&gt;40&lt;/span&gt;&lt;br&gt;&lt;span class=&quot;line&quot;&gt;41&lt;/span&gt;&lt;br&gt;&lt;span class=&quot;line&quot;&gt;42&lt;/span&gt;&lt;br&gt;&lt;span class=&quot;line&quot;&gt;43&lt;/span&gt;&lt;br&gt;&lt;span class=&quot;line&quot;&gt;44&lt;/span&gt;&lt;br&gt;&lt;span class=&quot;line&quot;&gt;45&lt;/span&gt;&lt;br&gt;&lt;span class=&quot;line&quot;&gt;46&lt;/span&gt;&lt;br&gt;&lt;span class=&quot;line&quot;&gt;47&lt;/span&gt;&lt;br&gt;&lt;span class=&quot;line&quot;&gt;48&lt;/span&gt;&lt;br&gt;&lt;span class=&quot;line&quot;&gt;49&lt;/span&gt;&lt;br&gt;&lt;span class=&quot;line&quot;&gt;50&lt;/span&gt;&lt;br&gt;&lt;span class=&quot;line&quot;&gt;51&lt;/span&gt;&lt;br&gt;&lt;span class=&quot;line&quot;&gt;52&lt;/span&gt;&lt;br&gt;&lt;span class=&quot;line&quot;&gt;53&lt;/span&gt;&lt;br&gt;&lt;span class=&quot;line&quot;&gt;54&lt;/span&gt;&lt;br&gt;&lt;span class=&quot;line&quot;&gt;55&lt;/span&gt;&lt;br&gt;&lt;span class=&quot;line&quot;&gt;56&lt;/span&gt;&lt;br&gt;&lt;span class=&quot;line&quot;&gt;57&lt;/span&gt;&lt;br&gt;&lt;span class=&quot;line&quot;&gt;58&lt;/span&gt;&lt;br&gt;&lt;span class=&quot;line&quot;&gt;59&lt;/span&gt;&lt;br&gt;&lt;span class=&quot;line&quot;&gt;60&lt;/span&gt;&lt;br&gt;&lt;span class=&quot;line&quot;&gt;61&lt;/span&gt;&lt;br&gt;&lt;span class=&quot;line&quot;&gt;62&lt;/span&gt;&lt;br&gt;&lt;span class=&quot;line&quot;&gt;63&lt;/span&gt;&lt;br&gt;&lt;span class=&quot;line&quot;&gt;64&lt;/span&gt;&lt;br&gt;&lt;span class=&quot;line&quot;&gt;65&lt;/span&gt;&lt;br&gt;&lt;span class=&quot;line&quot;&gt;66&lt;/span&gt;&lt;br&gt;&lt;span class=&quot;line&quot;&gt;67&lt;/span&gt;&lt;br&gt;&lt;span class=&quot;line&quot;&gt;68&lt;/span&gt;&lt;br&gt;&lt;span class=&quot;line&quot;&gt;69&lt;/span&gt;&lt;br&gt;&lt;span class=&quot;line&quot;&gt;70&lt;/span&gt;&lt;br&gt;&lt;span class=&quot;line&quot;&gt;71&lt;/span&gt;&lt;br&gt;&lt;span class=&quot;line&quot;&gt;72&lt;/span&gt;&lt;br&gt;&lt;span class=&quot;line&quot;&gt;73&lt;/span&gt;&lt;br&gt;&lt;span class=&quot;line&quot;&gt;74&lt;/span&gt;&lt;br&gt;&lt;span class=&quot;line&quot;&gt;75&lt;/span&gt;&lt;br&gt;&lt;span class=&quot;line&quot;&gt;76&lt;/span&gt;&lt;br&gt;&lt;/pre&gt;&lt;/td&gt;&lt;td class=&quot;code&quot;&gt;&lt;pre&gt;&lt;span class=&quot;line&quot;&gt;    &lt;span class=&quot;comment&quot;&gt;/**&lt;/span&gt;&lt;br&gt;&lt;span class=&quot;line&quot;&gt;     * [setCountDown description]&lt;/span&gt;&lt;br&gt;&lt;span class=&quot;line&quot;&gt;     * @type &amp;#123;Object&amp;#125;&lt;/span&gt;&lt;br&gt;&lt;span class=&quot;line&quot;&gt;     * @Author xiege&lt;/span&gt;&lt;br&gt;&lt;span class=&quot;line&quot;&gt;     * @param init  入口函数&lt;/span&gt;&lt;br&gt;&lt;span class=&quot;line&quot;&gt;     * @param opt&amp;#123;&lt;/span&gt;&lt;br&gt;&lt;span class=&quot;line&quot;&gt;     *              endtime:&#39;&#39;,&lt;/span&gt;&lt;br&gt;&lt;span class=&quot;line&quot;&gt;     *              done:function()&amp;#123;&amp;#125;,&lt;/span&gt;&lt;br&gt;&lt;span class=&quot;line&quot;&gt;     *              callback:function()&amp;#123;&amp;#125;&lt;/span&gt;&lt;br&gt;&lt;span class=&quot;line&quot;&gt;     *           &amp;#125;[endtime:结束时间,done:操作函数,callback:倒计时归零时回调函数]&lt;/span&gt;&lt;br&gt;&lt;span class=&quot;line&quot;&gt;     */&lt;/span&gt;&lt;/span&gt;&lt;br&gt;&lt;span class=&quot;line&quot;&gt;    &lt;span class=&quot;keyword&quot;&gt;var&lt;/span&gt; setCountDown = &amp;#123;&lt;/span&gt;&lt;br&gt;&lt;span class=&quot;line&quot;&gt;            timer:&lt;span class=&quot;literal&quot;&gt;null&lt;/span&gt;,&lt;/span&gt;&lt;br&gt;&lt;span class=&quot;line&quot;&gt;            init:&lt;span class=&quot;function&quot;&gt;&lt;span class=&quot;keyword&quot;&gt;function&lt;/span&gt;(&lt;span class=&quot;params&quot;&gt;opt&lt;/span&gt;)&lt;/span&gt;&amp;#123;&lt;/span&gt;&lt;br&gt;&lt;span class=&quot;line&quot;&gt;                &lt;span class=&quot;keyword&quot;&gt;var&lt;/span&gt; _this = &lt;span class=&quot;keyword&quot;&gt;this&lt;/span&gt;;&lt;/span&gt;&lt;br&gt;&lt;span class=&quot;line&quot;&gt;                &lt;span class=&quot;keyword&quot;&gt;this&lt;/span&gt;.setShowTime(opt.endtime,opt.done);&lt;/span&gt;&lt;br&gt;&lt;span class=&quot;line&quot;&gt;                &lt;span class=&quot;keyword&quot;&gt;this&lt;/span&gt;.timer = setInterval(&lt;span class=&quot;function&quot;&gt;&lt;span class=&quot;keyword&quot;&gt;function&lt;/span&gt;(&lt;span class=&quot;params&quot;&gt;&lt;/span&gt;)&lt;/span&gt;&amp;#123;&lt;/span&gt;&lt;br&gt;&lt;span class=&quot;line&quot;&gt;                    _this.setShowTime(opt.endtime,opt.done,opt.callback)&lt;/span&gt;&lt;br&gt;&lt;span class=&quot;line&quot;&gt;                &amp;#125;,&lt;span class=&quot;number&quot;&gt;1000&lt;/span&gt;)&lt;/span&gt;&lt;br&gt;&lt;span class=&quot;line&quot;&gt;            &amp;#125;,&lt;/span&gt;&lt;br&gt;&lt;span class=&quot;line&quot;&gt;            getCountdown:&lt;span class=&quot;function&quot;&gt;&lt;span class=&quot;keyword&quot;&gt;function&lt;/span&gt;(&lt;span class=&quot;params&quot;&gt;time&lt;/span&gt;)&lt;/span&gt;&amp;#123;&lt;/span&gt;&lt;br&gt;&lt;span class=&quot;line&quot;&gt;                &lt;span class=&quot;keyword&quot;&gt;var&lt;/span&gt; curShowTimeSecondsVal = &lt;span class=&quot;keyword&quot;&gt;this&lt;/span&gt;.getSecond(time) - &lt;span class=&quot;keyword&quot;&gt;this&lt;/span&gt;.getSecond();&lt;/span&gt;&lt;br&gt;&lt;span class=&quot;line&quot;&gt;                &lt;span class=&quot;keyword&quot;&gt;if&lt;/span&gt;(curShowTimeSecondsVal&amp;lt;&lt;span class=&quot;number&quot;&gt;0&lt;/span&gt;) &lt;span class=&quot;keyword&quot;&gt;return&lt;/span&gt; [&lt;span class=&quot;number&quot;&gt;0&lt;/span&gt;,&lt;span class=&quot;string&quot;&gt;&#39;00&#39;&lt;/span&gt;,&lt;span class=&quot;string&quot;&gt;&#39;00&#39;&lt;/span&gt;,&lt;span class=&quot;string&quot;&gt;&#39;00&#39;&lt;/span&gt;];&lt;/span&gt;&lt;br&gt;&lt;span class=&quot;line&quot;&gt;                &lt;span class=&quot;comment&quot;&gt;// console.log(curShowTimeSecondsVal)&lt;/span&gt;&lt;/span&gt;&lt;br&gt;&lt;span class=&quot;line&quot;&gt;                &lt;span class=&quot;comment&quot;&gt;// 剩余秒数&lt;/span&gt;&lt;/span&gt;&lt;br&gt;&lt;span class=&quot;line&quot;&gt;                &lt;span class=&quot;keyword&quot;&gt;var&lt;/span&gt; curShowTimeSeconds = &lt;span class=&quot;built_in&quot;&gt;parseInt&lt;/span&gt;(curShowTimeSecondsVal%&lt;span class=&quot;number&quot;&gt;60&lt;/span&gt;);&lt;/span&gt;&lt;br&gt;&lt;span class=&quot;line&quot;&gt;                &lt;span class=&quot;comment&quot;&gt;// 计算剩余天数&lt;/span&gt;&lt;/span&gt;&lt;br&gt;&lt;span class=&quot;line&quot;&gt;                &lt;span class=&quot;keyword&quot;&gt;var&lt;/span&gt; curShowTimeDays = &lt;span class=&quot;built_in&quot;&gt;parseInt&lt;/span&gt;(curShowTimeSecondsVal/&lt;span class=&quot;number&quot;&gt;3600&lt;/span&gt;/&lt;span class=&quot;number&quot;&gt;24&lt;/span&gt;);&lt;/span&gt;&lt;br&gt;&lt;span class=&quot;line&quot;&gt;                &lt;span class=&quot;comment&quot;&gt;// 计算剩余小时&lt;/span&gt;&lt;/span&gt;&lt;br&gt;&lt;span class=&quot;line&quot;&gt;                &lt;span class=&quot;keyword&quot;&gt;var&lt;/span&gt; curShowTimeHours = &lt;span class=&quot;built_in&quot;&gt;parseInt&lt;/span&gt;((curShowTimeSecondsVal/&lt;span class=&quot;number&quot;&gt;3600&lt;/span&gt;)) - curShowTimeDays*&lt;span class=&quot;number&quot;&gt;24&lt;/span&gt;;&lt;/span&gt;&lt;br&gt;&lt;span class=&quot;line&quot;&gt;                &lt;span class=&quot;comment&quot;&gt;// 计算剩余分钟&lt;/span&gt;&lt;/span&gt;&lt;br&gt;&lt;span class=&quot;line&quot;&gt;                &lt;span class=&quot;keyword&quot;&gt;var&lt;/span&gt; curShowTimeMinutes = &lt;span class=&quot;built_in&quot;&gt;parseInt&lt;/span&gt;((curShowTimeSecondsVal - &lt;span class=&quot;built_in&quot;&gt;parseInt&lt;/span&gt;((curShowTimeSecondsVal/&lt;span class=&quot;number&quot;&gt;3600&lt;/span&gt;))*&lt;span class=&quot;number&quot;&gt;3600&lt;/span&gt;)/&lt;span class=&quot;number&quot;&gt;60&lt;/span&gt;);&lt;/span&gt;&lt;br&gt;&lt;span class=&quot;line&quot;&gt;                curShowTimeHours = curShowTimeHours &amp;gt; &lt;span class=&quot;number&quot;&gt;9&lt;/span&gt; ? curShowTimeHours : &lt;span class=&quot;string&quot;&gt;&#39;0&#39;&lt;/span&gt; + curShowTimeHours;&lt;/span&gt;&lt;br&gt;&lt;span class=&quot;line&quot;&gt;                curShowTimeSeconds = curShowTimeSeconds &amp;gt; &lt;span class=&quot;number&quot;&gt;9&lt;/span&gt; ? curShowTimeSeconds : &lt;span class=&quot;string&quot;&gt;&#39;0&#39;&lt;/span&gt; + curShowTimeSeconds;&lt;/span&gt;&lt;br&gt;&lt;span class=&quot;line&quot;&gt;                curShowTimeMinutes = curShowTimeMinutes &amp;gt; &lt;span class=&quot;number&quot;&gt;9&lt;/span&gt; ? curShowTimeMinutes : &lt;span class=&quot;string&quot;&gt;&#39;0&#39;&lt;/span&gt; + curShowTimeMinutes;&lt;/span&gt;&lt;br&gt;&lt;span class=&quot;line&quot;&gt;                &lt;span class=&quot;keyword&quot;&gt;return&lt;/span&gt; [curShowTimeDays,curShowTimeHours,curShowTimeMinutes,curShowTimeSeconds];&lt;/span&gt;&lt;br&gt;&lt;span class=&quot;line&quot;&gt;            &amp;#125;,&lt;/span&gt;&lt;br&gt;&lt;span class=&quot;line&quot;&gt;            getSecond:&lt;span class=&quot;function&quot;&gt;&lt;span class=&quot;keyword&quot;&gt;function&lt;/span&gt;(&lt;span class=&quot;params&quot;&gt;times&lt;/span&gt;)&lt;/span&gt;&amp;#123;&lt;/span&gt;&lt;br&gt;&lt;span class=&quot;line&quot;&gt;                &lt;span class=&quot;keyword&quot;&gt;if&lt;/span&gt;(times)&amp;#123;&lt;/span&gt;&lt;br&gt;&lt;span class=&quot;line&quot;&gt;                    &lt;span class=&quot;keyword&quot;&gt;var&lt;/span&gt; year = &lt;span class=&quot;built_in&quot;&gt;parseInt&lt;/span&gt;(times.slice(&lt;span class=&quot;number&quot;&gt;0&lt;/span&gt;,&lt;span class=&quot;number&quot;&gt;4&lt;/span&gt;)),&lt;/span&gt;&lt;br&gt;&lt;span class=&quot;line&quot;&gt;                        month = &lt;span class=&quot;built_in&quot;&gt;parseInt&lt;/span&gt;(times.match(&lt;span class=&quot;regexp&quot;&gt;/-\d*/gi&lt;/span&gt;)[&lt;span class=&quot;number&quot;&gt;0&lt;/span&gt;].replace(&lt;span class=&quot;string&quot;&gt;&#39;-&#39;&lt;/span&gt;,&lt;span class=&quot;string&quot;&gt;&#39;&#39;&lt;/span&gt;)&lt;span class=&quot;number&quot;&gt;-1&lt;/span&gt;),&lt;/span&gt;&lt;br&gt;&lt;span class=&quot;line&quot;&gt;                        day = &lt;span class=&quot;built_in&quot;&gt;parseInt&lt;/span&gt;(times.match(&lt;span class=&quot;regexp&quot;&gt;/-\d*/gi&lt;/span&gt;)[&lt;span class=&quot;number&quot;&gt;1&lt;/span&gt;].replace(&lt;span class=&quot;string&quot;&gt;&#39;-&#39;&lt;/span&gt;,&lt;span class=&quot;string&quot;&gt;&#39;&#39;&lt;/span&gt;)),&lt;/span&gt;&lt;br&gt;&lt;span class=&quot;line&quot;&gt;                        hour = &lt;span class=&quot;built_in&quot;&gt;parseInt&lt;/span&gt;(times.match(&lt;span class=&quot;regexp&quot;&gt;/\d*:/&lt;/span&gt;)[&lt;span class=&quot;number&quot;&gt;0&lt;/span&gt;].replace(&lt;span class=&quot;string&quot;&gt;&#39;:&#39;&lt;/span&gt;,&lt;span class=&quot;string&quot;&gt;&#39;&#39;&lt;/span&gt;)),&lt;/span&gt;&lt;br&gt;&lt;span class=&quot;line&quot;&gt;                        minute = &lt;span class=&quot;built_in&quot;&gt;parseInt&lt;/span&gt;(times.match(&lt;span class=&quot;regexp&quot;&gt;/:\d*/&lt;/span&gt;)[&lt;span class=&quot;number&quot;&gt;0&lt;/span&gt;].replace(&lt;span class=&quot;string&quot;&gt;&#39;:&#39;&lt;/span&gt;,&lt;span class=&quot;string&quot;&gt;&#39;&#39;&lt;/span&gt;));&lt;/span&gt;&lt;br&gt;&lt;span class=&quot;line&quot;&gt;                    &lt;span class=&quot;keyword&quot;&gt;return&lt;/span&gt; (&lt;span class=&quot;keyword&quot;&gt;new&lt;/span&gt; &lt;span class=&quot;built_in&quot;&gt;Date&lt;/span&gt;(year,month,day,hour,minute,&lt;span class=&quot;number&quot;&gt;0&lt;/span&gt;)).getTime()/&lt;span class=&quot;number&quot;&gt;1000&lt;/span&gt;;&lt;/span&gt;&lt;br&gt;&lt;span class=&quot;line&quot;&gt;                &amp;#125;&lt;/span&gt;&lt;br&gt;&lt;span class=&quot;line&quot;&gt;                &lt;span class=&quot;keyword&quot;&gt;return&lt;/span&gt; (&lt;span class=&quot;keyword&quot;&gt;new&lt;/span&gt; &lt;span class=&quot;built_in&quot;&gt;Date&lt;/span&gt;()).getTime()/&lt;span class=&quot;number&quot;&gt;1000&lt;/span&gt;;&lt;/span&gt;&lt;br&gt;&lt;span class=&quot;line&quot;&gt;            &amp;#125;,&lt;/span&gt;&lt;br&gt;&lt;span class=&quot;line&quot;&gt;            setShowTime:&lt;span class=&quot;function&quot;&gt;&lt;span class=&quot;keyword&quot;&gt;function&lt;/span&gt;(&lt;span class=&quot;params&quot;&gt;endtime,done,callback&lt;/span&gt;)&lt;/span&gt;&amp;#123;&lt;/span&gt;&lt;br&gt;&lt;span class=&quot;line&quot;&gt;                &lt;span class=&quot;keyword&quot;&gt;var&lt;/span&gt; _this = &lt;span class=&quot;keyword&quot;&gt;this&lt;/span&gt;;&lt;/span&gt;&lt;br&gt;&lt;span class=&quot;line&quot;&gt;                &lt;span class=&quot;comment&quot;&gt;// var oSetTime = document.getElementById(&#39;time&#39;);&lt;/span&gt;&lt;/span&gt;&lt;br&gt;&lt;span class=&quot;line&quot;&gt;                &lt;span class=&quot;keyword&quot;&gt;var&lt;/span&gt; day = &lt;span class=&quot;keyword&quot;&gt;this&lt;/span&gt;.getCountdown(endtime)[&lt;span class=&quot;number&quot;&gt;0&lt;/span&gt;],&lt;/span&gt;&lt;br&gt;&lt;span class=&quot;line&quot;&gt;                    hour = &lt;span class=&quot;keyword&quot;&gt;this&lt;/span&gt;.getCountdown(endtime)[&lt;span class=&quot;number&quot;&gt;1&lt;/span&gt;],&lt;/span&gt;&lt;br&gt;&lt;span class=&quot;line&quot;&gt;                    minute = &lt;span class=&quot;keyword&quot;&gt;this&lt;/span&gt;.getCountdown(endtime)[&lt;span class=&quot;number&quot;&gt;2&lt;/span&gt;],&lt;/span&gt;&lt;br&gt;&lt;span class=&quot;line&quot;&gt;                    second = &lt;span class=&quot;keyword&quot;&gt;this&lt;/span&gt;.getCountdown(endtime)[&lt;span class=&quot;number&quot;&gt;3&lt;/span&gt;];&lt;/span&gt;&lt;br&gt;&lt;span class=&quot;line&quot;&gt;                done([day,hour,minute,second])&lt;/span&gt;&lt;br&gt;&lt;span class=&quot;line&quot;&gt;                &lt;span class=&quot;comment&quot;&gt;// oSetTime.innerHTML = &#39;剩余时间：&#39;+day+&#39;天&#39;+hour+&#39;小时&#39;+minute+&#39;分&#39;+second+&#39;秒&#39;;&lt;/span&gt;&lt;/span&gt;&lt;br&gt;&lt;span class=&quot;line&quot;&gt;                &lt;span class=&quot;keyword&quot;&gt;if&lt;/span&gt;(day==&lt;span class=&quot;number&quot;&gt;0&lt;/span&gt;&amp;amp;&amp;amp;hour==&lt;span class=&quot;string&quot;&gt;&#39;00&#39;&lt;/span&gt;&amp;amp;&amp;amp;minute==&lt;span class=&quot;string&quot;&gt;&#39;00&#39;&lt;/span&gt;&amp;amp;&amp;amp;second==&lt;span class=&quot;string&quot;&gt;&#39;00&#39;&lt;/span&gt;)&amp;#123;&lt;/span&gt;&lt;br&gt;&lt;span class=&quot;line&quot;&gt;                    clearInterval(_this.timer);&lt;/span&gt;&lt;br&gt;&lt;span class=&quot;line&quot;&gt;                    _this.timer = &lt;span class=&quot;literal&quot;&gt;null&lt;/span&gt;;&lt;/span&gt;&lt;br&gt;&lt;span class=&quot;line&quot;&gt;                    &lt;span class=&quot;keyword&quot;&gt;if&lt;/span&gt;(callback) callback();&lt;/span&gt;&lt;br&gt;&lt;span class=&quot;line&quot;&gt;                &amp;#125;&lt;/span&gt;&lt;br&gt;&lt;span class=&quot;line&quot;&gt;            &amp;#125;&lt;/span&gt;&lt;br&gt;&lt;span class=&quot;line&quot;&gt;        &amp;#125;;&lt;/span&gt;&lt;br&gt;&lt;span class=&quot;line&quot;&gt;    setCountDown.init(&amp;#123;&lt;/span&gt;&lt;br&gt;&lt;span class=&quot;line&quot;&gt;        endtime:start,&lt;/span&gt;&lt;br&gt;&lt;span class=&quot;line&quot;&gt;        done:&lt;span class=&quot;function&quot;&gt;&lt;span class=&quot;keyword&quot;&gt;function&lt;/span&gt;(&lt;span class=&quot;params&quot;&gt;data&lt;/span&gt;)&lt;/span&gt;&amp;#123;&lt;/span&gt;&lt;br&gt;&lt;span class=&quot;line&quot;&gt;            &lt;span class=&quot;comment&quot;&gt;// console.log(data)&lt;/span&gt;&lt;/span&gt;&lt;br&gt;&lt;span class=&quot;line&quot;&gt;            &lt;span class=&quot;built_in&quot;&gt;document&lt;/span&gt;.getElementById(&lt;span class=&quot;string&quot;&gt;&#39;time&#39;&lt;/span&gt;).innerHTML = &lt;span class=&quot;string&quot;&gt;&#39;剩余时间：&#39;&lt;/span&gt;+data[&lt;span class=&quot;number&quot;&gt;0&lt;/span&gt;]+&lt;span class=&quot;string&quot;&gt;&#39;天&#39;&lt;/span&gt;+data[&lt;span class=&quot;number&quot;&gt;1&lt;/span&gt;]+&lt;span class=&quot;string&quot;&gt;&#39;小时&#39;&lt;/span&gt;+data[&lt;span class=&quot;number&quot;&gt;2&lt;/span&gt;]+&lt;span class=&quot;string&quot;&gt;&#39;分&#39;&lt;/span&gt;+data[&lt;span class=&quot;number&quot;&gt;3&lt;/span&gt;]+&lt;span class=&quot;string&quot;&gt;&#39;秒&#39;&lt;/span&gt;;&lt;/span&gt;&lt;br&gt;&lt;span class=&quot;line&quot;&gt;        &amp;#125;,&lt;/span&gt;&lt;br&gt;&lt;span class=&quot;line&quot;&gt;        callback:&lt;span class=&quot;function&quot;&gt;&lt;span class=&quot;keyword&quot;&gt;function&lt;/span&gt;(&lt;span class=&quot;params&quot;&gt;&lt;/span&gt;)&lt;/span&gt;&amp;#123;&lt;/span&gt;&lt;br&gt;&lt;span class=&quot;line&quot;&gt;            &lt;span class=&quot;comment&quot;&gt;// window.location.reload()&lt;/span&gt;&lt;/span&gt;&lt;br&gt;&lt;span class=&quot;line&quot;&gt;            &lt;/span&gt;&lt;br&gt;&lt;span class=&quot;line&quot;&gt;        &amp;#125;&lt;/span&gt;&lt;br&gt;&lt;span class=&quot;line&quot;&gt;    &amp;#125;)&lt;/span&gt;&lt;br&gt;&lt;span class=&quot;line&quot;&gt;&amp;#125;&lt;/span&gt;&lt;br&gt;&lt;/pre&gt;&lt;/td&gt;&lt;/tr&gt;&lt;/table&gt;&lt;/figure&gt;&lt;/p&gt;
&lt;p&gt;总结：写类似这种对象式的插件，一定要注意作用域。&lt;/p&gt;
</content>
    
    <summary type="html">
    
      &lt;p&gt;很久之前就写了一个时间插件，该插件是根据工作开发过程中的需要写的，关于时间插件，应该有不少人开发过，这里我写了一个个人觉得还算可以的方法吧，不过代码有待优化，一旦功能写好了，除非有bug，不然我也就懒得去优化了。我写了一个倒计时的对象setCountDown.&lt;br&gt;
    
    </summary>
    
      <category term="随笔" scheme="http://yoursite.com/categories/%E9%9A%8F%E7%AC%94/"/>
    
    
      <category term="JS" scheme="http://yoursite.com/tags/JS/"/>
    
  </entry>
  
  <entry>
    <title>HTML5的本地存储之localstorage</title>
    <link href="http://yoursite.com/2016/04/22/HTML5%E7%9A%84%E6%9C%AC%E5%9C%B0%E5%AD%98%E5%82%A8%E4%B9%8Blocalstorage/"/>
    <id>http://yoursite.com/2016/04/22/HTML5的本地存储之localstorage/</id>
    <published>2016-04-22T12:47:45.000Z</published>
    <updated>2016-04-22T14:55:15.568Z</updated>
    
    <content type="html">&lt;p&gt;开门见山，今天来讲一讲HTML5中的存储方式。前端开发者应该都知道，对于html的本地存储是HTML5中出现的新特性，并不是所有浏览器都支持，在开始写本地存储的时候，必须得检测一下浏览器对本地存储特性的支持性是否良好，根据支持情况选择不同的方案，以免造成不必要的麻烦。&lt;a id=&quot;more&quot;&gt;&lt;/a&gt;&lt;br&gt;在Web Storage API中，特定域名下的Storage数据库可以直接通过window对象访问。因此首先确定用户的浏览器是不支持Web Storage非常重要。代码示例如下：&lt;/p&gt;
&lt;figure class=&quot;highlight js&quot;&gt;&lt;table&gt;&lt;tr&gt;&lt;td class=&quot;gutter&quot;&gt;&lt;pre&gt;&lt;span class=&quot;line&quot;&gt;1&lt;/span&gt;&lt;br&gt;&lt;span class=&quot;line&quot;&gt;2&lt;/span&gt;&lt;br&gt;&lt;span class=&quot;line&quot;&gt;3&lt;/span&gt;&lt;br&gt;&lt;span class=&quot;line&quot;&gt;4&lt;/span&gt;&lt;br&gt;&lt;span class=&quot;line&quot;&gt;5&lt;/span&gt;&lt;br&gt;&lt;span class=&quot;line&quot;&gt;6&lt;/span&gt;&lt;br&gt;&lt;span class=&quot;line&quot;&gt;7&lt;/span&gt;&lt;br&gt;&lt;/pre&gt;&lt;/td&gt;&lt;td class=&quot;code&quot;&gt;&lt;pre&gt;&lt;span class=&quot;line&quot;&gt;&lt;span class=&quot;function&quot;&gt;&lt;span class=&quot;keyword&quot;&gt;function&lt;/span&gt; &lt;span class=&quot;title&quot;&gt;checkStorageSupport&lt;/span&gt;(&lt;span class=&quot;params&quot;&gt;&lt;/span&gt;)&lt;/span&gt;&amp;#123;&lt;/span&gt;&lt;br&gt;&lt;span class=&quot;line&quot;&gt;    &lt;span class=&quot;keyword&quot;&gt;if&lt;/span&gt;(&lt;span class=&quot;built_in&quot;&gt;window&lt;/span&gt;.localStorage)&amp;#123;&lt;/span&gt;&lt;br&gt;&lt;span class=&quot;line&quot;&gt;        alert(&lt;span class=&quot;string&quot;&gt;&#39;This browser supports localStorage&#39;&lt;/span&gt;);&lt;/span&gt;&lt;br&gt;&lt;span class=&quot;line&quot;&gt;    &amp;#125;&lt;span class=&quot;keyword&quot;&gt;else&lt;/span&gt;&amp;#123;&lt;/span&gt;&lt;br&gt;&lt;span class=&quot;line&quot;&gt;        alert(&lt;span class=&quot;string&quot;&gt;&#39;This browser does not supports localStorage&#39;&lt;/span&gt;);&lt;/span&gt;&lt;br&gt;&lt;span class=&quot;line&quot;&gt;    &amp;#125;&lt;/span&gt;&lt;br&gt;&lt;span class=&quot;line&quot;&gt;&amp;#125;&lt;/span&gt;&lt;br&gt;&lt;/pre&gt;&lt;/td&gt;&lt;/tr&gt;&lt;/table&gt;&lt;/figure&gt;
&lt;p&gt;上面只是说明了检测浏览是否支持localStorage，接下来，再详细扒一扒本地存储的API方法:&lt;br&gt;&lt;figure class=&quot;highlight js&quot;&gt;&lt;table&gt;&lt;tr&gt;&lt;td class=&quot;gutter&quot;&gt;&lt;pre&gt;&lt;span class=&quot;line&quot;&gt;1&lt;/span&gt;&lt;br&gt;&lt;span class=&quot;line&quot;&gt;2&lt;/span&gt;&lt;br&gt;&lt;span class=&quot;line&quot;&gt;3&lt;/span&gt;&lt;br&gt;&lt;span class=&quot;line&quot;&gt;4&lt;/span&gt;&lt;br&gt;&lt;span class=&quot;line&quot;&gt;5&lt;/span&gt;&lt;br&gt;&lt;/pre&gt;&lt;/td&gt;&lt;td class=&quot;code&quot;&gt;&lt;pre&gt;&lt;span class=&quot;line&quot;&gt;setItem(key,val);&lt;/span&gt;&lt;br&gt;&lt;span class=&quot;line&quot;&gt;removeItem(key);&lt;/span&gt;&lt;br&gt;&lt;span class=&quot;line&quot;&gt;getItem(key);&lt;/span&gt;&lt;br&gt;&lt;span class=&quot;line&quot;&gt;clear();&lt;/span&gt;&lt;br&gt;&lt;span class=&quot;line&quot;&gt;key(index);&lt;/span&gt;&lt;br&gt;&lt;/pre&gt;&lt;/td&gt;&lt;/tr&gt;&lt;/table&gt;&lt;/figure&gt;&lt;/p&gt;
&lt;p&gt;上面的代码是通过setItem方法设置数据的，key为关键字类似字段名形式，val则表示相对应的值，不过在这里要提一下的是，这种方法设置的的数据都是以字符串的形式存储的。以上原生方法就介绍到这里。&lt;br&gt;下面我再说说一个非常实用的开源项目store.js，这个开源小库非常实用，那么我们开始吧&lt;/p&gt;
&lt;p&gt;首先，先介绍一下关于store.js的简单API：（store.js exposes a simple API for cross browser local storage）&lt;br&gt;&lt;figure class=&quot;highlight js&quot;&gt;&lt;table&gt;&lt;tr&gt;&lt;td class=&quot;gutter&quot;&gt;&lt;pre&gt;&lt;span class=&quot;line&quot;&gt;1&lt;/span&gt;&lt;br&gt;&lt;span class=&quot;line&quot;&gt;2&lt;/span&gt;&lt;br&gt;&lt;span class=&quot;line&quot;&gt;3&lt;/span&gt;&lt;br&gt;&lt;span class=&quot;line&quot;&gt;4&lt;/span&gt;&lt;br&gt;&lt;span class=&quot;line&quot;&gt;5&lt;/span&gt;&lt;br&gt;&lt;span class=&quot;line&quot;&gt;6&lt;/span&gt;&lt;br&gt;&lt;span class=&quot;line&quot;&gt;7&lt;/span&gt;&lt;br&gt;&lt;span class=&quot;line&quot;&gt;8&lt;/span&gt;&lt;br&gt;&lt;span class=&quot;line&quot;&gt;9&lt;/span&gt;&lt;br&gt;&lt;span class=&quot;line&quot;&gt;10&lt;/span&gt;&lt;br&gt;&lt;span class=&quot;line&quot;&gt;11&lt;/span&gt;&lt;br&gt;&lt;span class=&quot;line&quot;&gt;12&lt;/span&gt;&lt;br&gt;&lt;span class=&quot;line&quot;&gt;13&lt;/span&gt;&lt;br&gt;&lt;span class=&quot;line&quot;&gt;14&lt;/span&gt;&lt;br&gt;&lt;span class=&quot;line&quot;&gt;15&lt;/span&gt;&lt;br&gt;&lt;span class=&quot;line&quot;&gt;16&lt;/span&gt;&lt;br&gt;&lt;span class=&quot;line&quot;&gt;17&lt;/span&gt;&lt;br&gt;&lt;span class=&quot;line&quot;&gt;18&lt;/span&gt;&lt;br&gt;&lt;span class=&quot;line&quot;&gt;19&lt;/span&gt;&lt;br&gt;&lt;span class=&quot;line&quot;&gt;20&lt;/span&gt;&lt;br&gt;&lt;span class=&quot;line&quot;&gt;21&lt;/span&gt;&lt;br&gt;&lt;span class=&quot;line&quot;&gt;22&lt;/span&gt;&lt;br&gt;&lt;span class=&quot;line&quot;&gt;23&lt;/span&gt;&lt;br&gt;&lt;span class=&quot;line&quot;&gt;24&lt;/span&gt;&lt;br&gt;&lt;span class=&quot;line&quot;&gt;25&lt;/span&gt;&lt;br&gt;&lt;span class=&quot;line&quot;&gt;26&lt;/span&gt;&lt;br&gt;&lt;span class=&quot;line&quot;&gt;27&lt;/span&gt;&lt;br&gt;&lt;/pre&gt;&lt;/td&gt;&lt;td class=&quot;code&quot;&gt;&lt;pre&gt;&lt;span class=&quot;line&quot;&gt;&lt;/span&gt;&lt;br&gt;&lt;span class=&quot;line&quot;&gt;&lt;span class=&quot;comment&quot;&gt;// Store &#39;marcus&#39; at &#39;username&#39;&lt;/span&gt;&lt;/span&gt;&lt;br&gt;&lt;span class=&quot;line&quot;&gt;store.set(&lt;span class=&quot;string&quot;&gt;&#39;username&#39;&lt;/span&gt;, &lt;span class=&quot;string&quot;&gt;&#39;marcus&#39;&lt;/span&gt;)&lt;/span&gt;&lt;br&gt;&lt;span class=&quot;line&quot;&gt;&lt;/span&gt;&lt;br&gt;&lt;span class=&quot;line&quot;&gt;&lt;span class=&quot;comment&quot;&gt;// Get &#39;username&#39;&lt;/span&gt;&lt;/span&gt;&lt;br&gt;&lt;span class=&quot;line&quot;&gt;store.get(&lt;span class=&quot;string&quot;&gt;&#39;username&#39;&lt;/span&gt;)&lt;/span&gt;&lt;br&gt;&lt;span class=&quot;line&quot;&gt;&lt;/span&gt;&lt;br&gt;&lt;span class=&quot;line&quot;&gt;&lt;span class=&quot;comment&quot;&gt;// Remove &#39;username&#39;&lt;/span&gt;&lt;/span&gt;&lt;br&gt;&lt;span class=&quot;line&quot;&gt;store.remove(&lt;span class=&quot;string&quot;&gt;&#39;username&#39;&lt;/span&gt;)&lt;/span&gt;&lt;br&gt;&lt;span class=&quot;line&quot;&gt;&lt;/span&gt;&lt;br&gt;&lt;span class=&quot;line&quot;&gt;&lt;span class=&quot;comment&quot;&gt;// Clear all keys&lt;/span&gt;&lt;/span&gt;&lt;br&gt;&lt;span class=&quot;line&quot;&gt;store.clear()&lt;/span&gt;&lt;br&gt;&lt;span class=&quot;line&quot;&gt;&lt;/span&gt;&lt;br&gt;&lt;span class=&quot;line&quot;&gt;&lt;span class=&quot;comment&quot;&gt;// Store an object literal - store.js uses JSON.stringify under the hood&lt;/span&gt;&lt;/span&gt;&lt;br&gt;&lt;span class=&quot;line&quot;&gt;store.set(&lt;span class=&quot;string&quot;&gt;&#39;user&#39;&lt;/span&gt;, &amp;#123; name: &lt;span class=&quot;string&quot;&gt;&#39;marcus&#39;&lt;/span&gt;, likes: &lt;span class=&quot;string&quot;&gt;&#39;javascript&#39;&lt;/span&gt; &amp;#125;)&lt;/span&gt;&lt;br&gt;&lt;span class=&quot;line&quot;&gt;&lt;/span&gt;&lt;br&gt;&lt;span class=&quot;line&quot;&gt;&lt;span class=&quot;comment&quot;&gt;// Get the stored object - store.js uses JSON.parse under the hood&lt;/span&gt;&lt;/span&gt;&lt;br&gt;&lt;span class=&quot;line&quot;&gt;&lt;span class=&quot;keyword&quot;&gt;var&lt;/span&gt; user = store.get(&lt;span class=&quot;string&quot;&gt;&#39;user&#39;&lt;/span&gt;)&lt;/span&gt;&lt;br&gt;&lt;span class=&quot;line&quot;&gt;alert(user.name + &lt;span class=&quot;string&quot;&gt;&#39; likes &#39;&lt;/span&gt; + user.likes)&lt;/span&gt;&lt;br&gt;&lt;span class=&quot;line&quot;&gt;&lt;/span&gt;&lt;br&gt;&lt;span class=&quot;line&quot;&gt;&lt;span class=&quot;comment&quot;&gt;// Get all stored values&lt;/span&gt;&lt;/span&gt;&lt;br&gt;&lt;span class=&quot;line&quot;&gt;store.getAll().user.name == &lt;span class=&quot;string&quot;&gt;&#39;marcus&#39;&lt;/span&gt;&lt;/span&gt;&lt;br&gt;&lt;span class=&quot;line&quot;&gt;&lt;/span&gt;&lt;br&gt;&lt;span class=&quot;line&quot;&gt;&lt;span class=&quot;comment&quot;&gt;// Loop over all stored values&lt;/span&gt;&lt;/span&gt;&lt;br&gt;&lt;span class=&quot;line&quot;&gt;store.forEach(&lt;span class=&quot;function&quot;&gt;&lt;span class=&quot;keyword&quot;&gt;function&lt;/span&gt;(&lt;span class=&quot;params&quot;&gt;key, val&lt;/span&gt;) &lt;/span&gt;&amp;#123;&lt;/span&gt;&lt;br&gt;&lt;span class=&quot;line&quot;&gt;    &lt;span class=&quot;built_in&quot;&gt;console&lt;/span&gt;.log(key, &lt;span class=&quot;string&quot;&gt;&#39;==&#39;&lt;/span&gt;, val)&lt;/span&gt;&lt;br&gt;&lt;span class=&quot;line&quot;&gt;&amp;#125;)&lt;/span&gt;&lt;br&gt;&lt;/pre&gt;&lt;/td&gt;&lt;/tr&gt;&lt;/table&gt;&lt;/figure&gt;&lt;/p&gt;
&lt;p&gt;基于这个开源库，我们检测浏览器是否支持本地存储的代码则更为简单了：&lt;br&gt;&lt;figure class=&quot;highlight js&quot;&gt;&lt;table&gt;&lt;tr&gt;&lt;td class=&quot;gutter&quot;&gt;&lt;pre&gt;&lt;span class=&quot;line&quot;&gt;1&lt;/span&gt;&lt;br&gt;&lt;span class=&quot;line&quot;&gt;2&lt;/span&gt;&lt;br&gt;&lt;span class=&quot;line&quot;&gt;3&lt;/span&gt;&lt;br&gt;&lt;span class=&quot;line&quot;&gt;4&lt;/span&gt;&lt;br&gt;&lt;span class=&quot;line&quot;&gt;5&lt;/span&gt;&lt;br&gt;&lt;/pre&gt;&lt;/td&gt;&lt;td class=&quot;code&quot;&gt;&lt;pre&gt;&lt;span class=&quot;line&quot;&gt;&lt;span class=&quot;comment&quot;&gt;// store.enabled 返回一个布尔值，如果浏览器支持本地存储则返回true,否则返回false&lt;/span&gt;&lt;/span&gt;&lt;br&gt;&lt;span class=&quot;line&quot;&gt;&lt;span class=&quot;keyword&quot;&gt;if&lt;/span&gt; (!store.enabled) &amp;#123;&lt;/span&gt;&lt;br&gt;&lt;span class=&quot;line&quot;&gt;    alert(&lt;span class=&quot;string&quot;&gt;&#39;Local storage is not supported by your browser. Please disable &quot;Private Mode&quot;, or upgrade to a modern browser.&#39;&lt;/span&gt;);&lt;/span&gt;&lt;br&gt;&lt;span class=&quot;line&quot;&gt;    &lt;span class=&quot;keyword&quot;&gt;return&lt;/span&gt; ;&lt;/span&gt;&lt;br&gt;&lt;span class=&quot;line&quot;&gt;&amp;#125;&lt;/span&gt;&lt;br&gt;&lt;/pre&gt;&lt;/td&gt;&lt;/tr&gt;&lt;/table&gt;&lt;/figure&gt;&lt;/p&gt;
&lt;p&gt;以上是store.js的主要API，这些都不是重点，重点是我要基于这个开源小库封装一下自己的一个小方法，对于大部分人来说，或许这步是多余的，如有多余，请勿喷。。。。&lt;/p&gt;
&lt;p&gt;由于通过store.js保存的数据是字符串形式的，所以我存储数据时做了如下处理：&lt;/p&gt;
&lt;figure class=&quot;highlight js&quot;&gt;&lt;table&gt;&lt;tr&gt;&lt;td class=&quot;gutter&quot;&gt;&lt;pre&gt;&lt;span class=&quot;line&quot;&gt;1&lt;/span&gt;&lt;br&gt;&lt;span class=&quot;line&quot;&gt;2&lt;/span&gt;&lt;br&gt;&lt;span class=&quot;line&quot;&gt;3&lt;/span&gt;&lt;br&gt;&lt;span class=&quot;line&quot;&gt;4&lt;/span&gt;&lt;br&gt;&lt;span class=&quot;line&quot;&gt;5&lt;/span&gt;&lt;br&gt;&lt;span class=&quot;line&quot;&gt;6&lt;/span&gt;&lt;br&gt;&lt;span class=&quot;line&quot;&gt;7&lt;/span&gt;&lt;br&gt;&lt;span class=&quot;line&quot;&gt;8&lt;/span&gt;&lt;br&gt;&lt;span class=&quot;line&quot;&gt;9&lt;/span&gt;&lt;br&gt;&lt;span class=&quot;line&quot;&gt;10&lt;/span&gt;&lt;br&gt;&lt;span class=&quot;line&quot;&gt;11&lt;/span&gt;&lt;br&gt;&lt;span class=&quot;line&quot;&gt;12&lt;/span&gt;&lt;br&gt;&lt;span class=&quot;line&quot;&gt;13&lt;/span&gt;&lt;br&gt;&lt;/pre&gt;&lt;/td&gt;&lt;td class=&quot;code&quot;&gt;&lt;pre&gt;&lt;span class=&quot;line&quot;&gt;&lt;span class=&quot;comment&quot;&gt;/**&lt;/span&gt;&lt;br&gt;&lt;span class=&quot;line&quot;&gt; * [setStorage 利用store.js改进存储方法，用来存储json对象字符串]&lt;/span&gt;&lt;br&gt;&lt;span class=&quot;line&quot;&gt; * @param &amp;#123;[type]&amp;#125; objName [存储的key值名字]&lt;/span&gt;&lt;br&gt;&lt;span class=&quot;line&quot;&gt; * @param &amp;#123;[type]&amp;#125; key     [存储json对象的key值]&lt;/span&gt;&lt;br&gt;&lt;span class=&quot;line&quot;&gt; * @param &amp;#123;[type]&amp;#125; val     [存储json对象的对应value值]&lt;/span&gt;&lt;br&gt;&lt;span class=&quot;line&quot;&gt; */&lt;/span&gt;&lt;/span&gt;&lt;br&gt;&lt;span class=&quot;line&quot;&gt;&lt;span class=&quot;keyword&quot;&gt;var&lt;/span&gt; setStorage = &lt;span class=&quot;function&quot;&gt;&lt;span class=&quot;keyword&quot;&gt;function&lt;/span&gt;(&lt;span class=&quot;params&quot;&gt;objName,key,val&lt;/span&gt;)&lt;/span&gt;&amp;#123;&lt;/span&gt;&lt;br&gt;&lt;span class=&quot;line&quot;&gt;    &lt;span class=&quot;keyword&quot;&gt;var&lt;/span&gt; _data = &amp;#123;&amp;#125;;&lt;/span&gt;&lt;br&gt;&lt;span class=&quot;line&quot;&gt;    _data[objName] = &amp;#123;&amp;#125;;&lt;/span&gt;&lt;br&gt;&lt;span class=&quot;line&quot;&gt;    _data[objName].data = store.get(objName)||&amp;#123;&amp;#125;;&lt;/span&gt;&lt;br&gt;&lt;span class=&quot;line&quot;&gt;    _data[objName].data[key] = val;&lt;/span&gt;&lt;br&gt;&lt;span class=&quot;line&quot;&gt;    store.set(objName,_data[objName].data);&lt;/span&gt;&lt;br&gt;&lt;span class=&quot;line&quot;&gt;&amp;#125;;&lt;/span&gt;&lt;br&gt;&lt;/pre&gt;&lt;/td&gt;&lt;/tr&gt;&lt;/table&gt;&lt;/figure&gt;
&lt;p&gt;估计有人看到上面的代码会有疑问，那就是store.js明明有自己的一套获取数据的方法，为什么还要重新写一个呢？&lt;br&gt;对于这个疑问，就让大家自己先思考一下吧，上面重新写的获取方法或许会对你有帮助哟！&lt;/p&gt;
&lt;p&gt;总结：在我被要求优化一个组件的时候，里面有就一条，将数据存储到本地，我就用了store.js这个开源，挺方便的，不过随之在用的过程中遇到了不小的坑，可能是刚开始接触的时候对它的本质不太了解，所以才会掉进坑里去，上面自定义的存储数据方法是我解决坑的方案，用这个方法着实给我减轻了不小的负担。另外，希望这篇文章对前端的你有帮助！&lt;/p&gt;
</content>
    
    <summary type="html">
    
      &lt;p&gt;开门见山，今天来讲一讲HTML5中的存储方式。前端开发者应该都知道，对于html的本地存储是HTML5中出现的新特性，并不是所有浏览器都支持，在开始写本地存储的时候，必须得检测一下浏览器对本地存储特性的支持性是否良好，根据支持情况选择不同的方案，以免造成不必要的麻烦。
    
    </summary>
    
      <category term="随笔" scheme="http://yoursite.com/categories/%E9%9A%8F%E7%AC%94/"/>
    
    
      <category term="HTML5" scheme="http://yoursite.com/tags/HTML5/"/>
    
  </entry>
  
  <entry>
    <title>Hello World</title>
    <link href="http://yoursite.com/2016/03/30/hello-world/"/>
    <id>http://yoursite.com/2016/03/30/hello-world/</id>
    <published>2016-03-30T14:08:06.384Z</published>
    <updated>2016-04-22T14:00:10.937Z</updated>
    
    <content type="html">&lt;p&gt;Welcome to &lt;a href=&quot;https://hexo.io/&quot; target=&quot;_blank&quot; rel=&quot;external&quot;&gt;Hexo&lt;/a&gt;! This is your very first post. Check &lt;a href=&quot;https://hexo.io/docs/&quot; target=&quot;_blank&quot; rel=&quot;external&quot;&gt;documentation&lt;/a&gt; for more info. If you get any problems when using Hexo, you can find the answer in &lt;a href=&quot;https://hexo.io/docs/troubleshooting.html&quot; target=&quot;_blank&quot; rel=&quot;external&quot;&gt;troubleshooting&lt;/a&gt; or you can ask me on &lt;a href=&quot;https://github.com/hexojs/hexo/issues&quot; target=&quot;_blank&quot; rel=&quot;external&quot;&gt;GitHub&lt;/a&gt;.&lt;br&gt;&lt;a id=&quot;more&quot;&gt;&lt;/a&gt;&lt;/p&gt;
&lt;h2 id=&quot;Quick-Start&quot;&gt;&lt;a href=&quot;#Quick-Start&quot; class=&quot;headerlink&quot; title=&quot;Quick Start&quot;&gt;&lt;/a&gt;Quick Start&lt;/h2&gt;&lt;h3 id=&quot;Create-a-new-post&quot;&gt;&lt;a href=&quot;#Create-a-new-post&quot; class=&quot;headerlink&quot; title=&quot;Create a new post&quot;&gt;&lt;/a&gt;Create a new post&lt;/h3&gt;&lt;figure class=&quot;highlight bash&quot;&gt;&lt;table&gt;&lt;tr&gt;&lt;td class=&quot;gutter&quot;&gt;&lt;pre&gt;&lt;span class=&quot;line&quot;&gt;1&lt;/span&gt;&lt;br&gt;&lt;/pre&gt;&lt;/td&gt;&lt;td class=&quot;code&quot;&gt;&lt;pre&gt;&lt;span class=&quot;line&quot;&gt;$ hexo new &lt;span class=&quot;string&quot;&gt;&quot;My New Post&quot;&lt;/span&gt;&lt;/span&gt;&lt;br&gt;&lt;/pre&gt;&lt;/td&gt;&lt;/tr&gt;&lt;/table&gt;&lt;/figure&gt;
&lt;p&gt;More info: &lt;a href=&quot;https://hexo.io/docs/writing.html&quot; target=&quot;_blank&quot; rel=&quot;external&quot;&gt;Writing&lt;/a&gt;&lt;/p&gt;
&lt;h3 id=&quot;Run-server&quot;&gt;&lt;a href=&quot;#Run-server&quot; class=&quot;headerlink&quot; title=&quot;Run server&quot;&gt;&lt;/a&gt;Run server&lt;/h3&gt;&lt;figure class=&quot;highlight bash&quot;&gt;&lt;table&gt;&lt;tr&gt;&lt;td class=&quot;gutter&quot;&gt;&lt;pre&gt;&lt;span class=&quot;line&quot;&gt;1&lt;/span&gt;&lt;br&gt;&lt;/pre&gt;&lt;/td&gt;&lt;td class=&quot;code&quot;&gt;&lt;pre&gt;&lt;span class=&quot;line&quot;&gt;$ hexo server&lt;/span&gt;&lt;br&gt;&lt;/pre&gt;&lt;/td&gt;&lt;/tr&gt;&lt;/table&gt;&lt;/figure&gt;
&lt;p&gt;More info: &lt;a href=&quot;https://hexo.io/docs/server.html&quot; target=&quot;_blank&quot; rel=&quot;external&quot;&gt;Server&lt;/a&gt;&lt;/p&gt;
&lt;h3 id=&quot;Generate-static-files&quot;&gt;&lt;a href=&quot;#Generate-static-files&quot; class=&quot;headerlink&quot; title=&quot;Generate static files&quot;&gt;&lt;/a&gt;Generate static files&lt;/h3&gt;&lt;figure class=&quot;highlight bash&quot;&gt;&lt;table&gt;&lt;tr&gt;&lt;td class=&quot;gutter&quot;&gt;&lt;pre&gt;&lt;span class=&quot;line&quot;&gt;1&lt;/span&gt;&lt;br&gt;&lt;/pre&gt;&lt;/td&gt;&lt;td class=&quot;code&quot;&gt;&lt;pre&gt;&lt;span class=&quot;line&quot;&gt;$ hexo generate&lt;/span&gt;&lt;br&gt;&lt;/pre&gt;&lt;/td&gt;&lt;/tr&gt;&lt;/table&gt;&lt;/figure&gt;
&lt;p&gt;More info: &lt;a href=&quot;https://hexo.io/docs/generating.html&quot; target=&quot;_blank&quot; rel=&quot;external&quot;&gt;Generating&lt;/a&gt;&lt;/p&gt;
&lt;h3 id=&quot;Deploy-to-remote-sites&quot;&gt;&lt;a href=&quot;#Deploy-to-remote-sites&quot; class=&quot;headerlink&quot; title=&quot;Deploy to remote sites&quot;&gt;&lt;/a&gt;Deploy to remote sites&lt;/h3&gt;&lt;figure class=&quot;highlight bash&quot;&gt;&lt;table&gt;&lt;tr&gt;&lt;td class=&quot;gutter&quot;&gt;&lt;pre&gt;&lt;span class=&quot;line&quot;&gt;1&lt;/span&gt;&lt;br&gt;&lt;/pre&gt;&lt;/td&gt;&lt;td class=&quot;code&quot;&gt;&lt;pre&gt;&lt;span class=&quot;line&quot;&gt;$ hexo deploy&lt;/span&gt;&lt;br&gt;&lt;/pre&gt;&lt;/td&gt;&lt;/tr&gt;&lt;/table&gt;&lt;/figure&gt;
&lt;p&gt;More info: &lt;a href=&quot;https://hexo.io/docs/deployment.html&quot; target=&quot;_blank&quot; rel=&quot;external&quot;&gt;Deployment&lt;/a&gt;&lt;/p&gt;
</content>
    
    <summary type="html">
    
      &lt;p&gt;Welcome to &lt;a href=&quot;https://hexo.io/&quot;&gt;Hexo&lt;/a&gt;! This is your very first post. Check &lt;a href=&quot;https://hexo.io/docs/&quot;&gt;documentation&lt;/a&gt; for more info. If you get any problems when using Hexo, you can find the answer in &lt;a href=&quot;https://hexo.io/docs/troubleshooting.html&quot;&gt;troubleshooting&lt;/a&gt; or you can ask me on &lt;a href=&quot;https://github.com/hexojs/hexo/issues&quot;&gt;GitHub&lt;/a&gt;.&lt;br&gt;
    
    </summary>
    
    
  </entry>
  
</feed>
